MS SubClass,MS Zoning,Lot Frontage,Lot Area,Street,Alley,Lot Shape,Land Contour,Lot Config,Land Slope,Neighborhood,Condition 1,Condition 2,Bldg Type,House Style,Overall Qual,Overall Cond,Year Built,Year Remod/Add,Roof Style,Roof Matl,Exterior 1st,Exterior 2nd,Mas Vnr Type,Mas Vnr Area,Exter Qual,Exter Cond,Foundation,Bsmt Qual,Bsmt Cond,Bsmt Exposure,BsmtFin Type 1,BsmtFin SF 1,BsmtFin Type 2,BsmtFin SF 2,Bsmt Unf SF,Total Bsmt SF,Heating,Heating QC,Central Air,Electrical,1st Flr SF,2nd Flr SF,Low Qual Fin SF,Gr Liv Area,Bsmt Full Bath,Bsmt Half Bath,Full Bath,Half Bath,Bedroom AbvGr,Kitchen AbvGr,Kitchen Qual,TotRms AbvGrd,Functional,Fireplaces,Fireplace Qu,Garage Type,Garage Yr Blt,Garage Finish,Garage Cars,Garage Area,Garage Qual,Garage Cond,Paved Drive,Wood Deck SF,Open Porch SF,Enclosed Porch,3Ssn Porch,Screen Porch,Pool Area,Pool QC,Fence,Misc Feature,Misc Val,Mo Sold,Yr Sold,Sale Type,SalePrice
50,RM,60,5520,Pave,NA,IR1,Lvl,FR2,Gtl,BrkSide,Feedr,Norm,1Fam,1.5Fin,5,7,1920,1997,Gable,CompShg,AsbShng,AsbShng,None,0,TA,Gd,BrkTil,TA,TA,No,ALQ,68,Unf,0,497,565,GasA,TA,Y,SBrkr,565,651,0,1216,1,0,1,0,3,1,TA,6,Typ,1,Gd,BuiltIn,1920,RFn,1,355,Fa,TA,Y,0,0,180,0,0,0,NA,MnPrv,NA,0,4,2008,WD ,115000
50,RM,50,6060,Pave,NA,Reg,Lvl,Inside,Gtl,IDOTRR,Norm,Norm,1Fam,1.5Fin,4,5,1939,1950,Gable,CompShg,AsbShng,AsbShng,None,0,TA,TA,PConc,TA,TA,No,Unf,0,Unf,0,732,732,GasA,Gd,Y,SBrkr,772,351,0,1123,0,0,1,0,3,1,TA,4,Typ,0,NA,Detchd,1979,Unf,1,264,TA,TA,P,0,0,140,0,0,0,NA,MnPrv,NA,0,6,2007,WD ,100000
30,RM,52,7830,Pave,NA,Reg,Lvl,Inside,Gtl,OldTown,Norm,Norm,1Fam,1Story,3,5,1921,1950,Gable,CompShg,AsbShng,AsbShng,None,0,TA,TA,BrkTil,Fa,TA,No,LwQ,416,Unf,0,76,492,GasA,TA,Y,SBrkr,492,0,0,492,1,0,1,0,1,1,TA,3,Typ,0,NA,Detchd,1921,Unf,1,200,Fa,TA,N,0,0,78,0,0,0,NA,NA,NA,0,6,2006,WD ,61500
160,RL,24,2364,Pave,NA,Reg,Lvl,Inside,Gtl,NPkVill,Norm,Norm,TwnhsE,2Story,6,5,1978,1978,Gable,CompShg,Plywood,Brk Cmn,None,0,Gd,TA,CBlock,Gd,TA,No,ALQ,279,Unf,0,576,855,GasA,TA,Y,SBrkr,855,601,0,1456,0,0,2,1,3,1,TA,6,Typ,1,TA,Attchd,1978,Fin,2,440,TA,TA,Y,147,0,0,0,0,0,NA,NA,NA,0,4,2009,WD ,138000
160,RL,24,2289,Pave,NA,Reg,Lvl,Inside,Gtl,NPkVill,Norm,Norm,Twnhs,2Story,6,6,1978,1978,Gable,CompShg,Plywood,Brk Cmn,None,0,TA,TA,CBlock,TA,TA,No,ALQ,311,Unf,0,544,855,GasA,TA,Y,SBrkr,855,586,0,1441,0,0,2,1,3,1,TA,7,Typ,1,TA,Attchd,1978,Unf,2,440,TA,TA,Y,28,0,0,0,0,0,NA,NA,NA,0,4,2009,WD ,148500
160,RL,24,2280,Pave,NA,Reg,Lvl,Inside,Gtl,NPkVill,Norm,Norm,Twnhs,2Story,6,5,1978,1978,Gable,CompShg,Plywood,Brk Cmn,None,0,TA,TA,CBlock,Gd,TA,No,ALQ,311,Unf,0,544,855,GasA,Fa,Y,SBrkr,855,601,0,1456,0,0,2,1,3,1,TA,7,Typ,1,TA,Attchd,1978,Unf,2,440,TA,TA,Y,26,0,0,0,0,0,NA,NA,NA,0,7,2010,WD ,146000
120,RL,24,2304,Pave,NA,Reg,Lvl,Inside,Gtl,NPkVill,Norm,Norm,Twnhs,1Story,7,7,1978,1978,Gable,CompShg,Plywood,Brk Cmn,None,0,TA,TA,CBlock,Gd,TA,No,GLQ,632,Unf,6,423,1061,GasA,TA,Y,SBrkr,1055,0,0,1055,0,0,2,0,2,1,TA,4,Typ,0,NA,Attchd,1978,Unf,1,319,TA,TA,Y,108,32,0,0,0,0,NA,NA,NA,0,4,2007,WD ,142500
160,RL,24,2349,Pave,NA,Reg,Lvl,Inside,Gtl,NPkVill,Norm,Norm,Twnhs,2Story,6,5,1977,1977,Gable,CompShg,Plywood,Brk Cmn,None,0,TA,TA,CBlock,Gd,TA,No,ALQ,389,Unf,0,466,855,GasA,TA,Y,SBrkr,855,601,0,1456,0,0,2,1,3,1,TA,6,Typ,1,TA,Attchd,1977,Unf,2,440,TA,TA,Y,0,28,0,0,0,0,NA,NA,NA,0,5,2009,WD ,137900
120,RL,24,2529,Pave,NA,Reg,Lvl,Inside,Gtl,NPkVill,Norm,Norm,Twnhs,1Story,7,6,1977,1977,Gable,CompShg,Plywood,Brk Cmn,None,0,TA,TA,CBlock,Gd,TA,No,ALQ,378,Unf,0,677,1055,GasA,Fa,Y,SBrkr,1055,0,0,1055,0,0,2,0,2,1,TA,4,Typ,0,NA,Attchd,1977,Unf,2,440,TA,TA,Y,0,38,0,0,0,0,NA,NA,NA,0,9,2008,WD ,148500
20,RM,50,6000,Pave,NA,Reg,Lvl,Inside,Gtl,OldTown,Norm,Norm,1Fam,1Story,5,6,1957,1957,Hip,CompShg,BrkFace,BrkFace,None,0,TA,TA,CBlock,TA,TA,No,Rec,308,Unf,0,620,928,GasA,Gd,Y,FuseA,928,0,0,928,0,0,1,0,3,1,TA,5,Typ,0,NA,Attchd,1957,Fin,1,288,TA,TA,Y,0,0,0,0,0,0,NA,NA,NA,0,6,2008,WD ,112500
160,RM,21,1680,Pave,NA,Reg,Lvl,Inside,Gtl,BrDale,Norm,Norm,Twnhs,2Story,5,7,1972,1972,Gable,CompShg,CemntBd,CmentBd,BrkFace,268,TA,TA,CBlock,TA,TA,No,ALQ,231,Unf,0,399,630,GasA,TA,Y,SBrkr,630,672,0,1302,0,0,2,1,3,1,TA,6,Typ,0,NA,Detchd,1972,Unf,1,264,TA,TA,Y,185,0,0,0,0,0,NA,NA,NA,0,2,2009,WD ,119500
20,RL,45,8982,Pave,NA,IR1,Lvl,CulDSac,Gtl,CollgCr,Norm,Norm,1Fam,1Story,5,5,1977,1977,Gable,CompShg,CemntBd,CmentBd,None,0,TA,TA,CBlock,Gd,TA,Av,ALQ,539,Unf,0,501,1040,GasA,TA,Y,SBrkr,1040,0,0,1040,0,0,1,1,3,1,TA,5,Typ,0,NA,Detchd,1977,Unf,2,748,TA,TA,Y,0,0,0,0,0,0,NA,MnPrv,NA,0,1,2007,WD ,134900
160,RM,41,2665,Pave,NA,Reg,Lvl,Inside,Gtl,MeadowV,Norm,Norm,TwnhsE,2Story,5,6,1977,1977,Gable,CompShg,CemntBd,CmentBd,None,0,TA,TA,PConc,Gd,TA,Mn,Unf,0,Unf,0,264,264,GasA,TA,Y,SBrkr,616,688,0,1304,0,0,1,1,3,1,TA,5,Typ,1,TA,BuiltIn,1977,RFn,1,336,TA,TA,Y,141,0,0,0,0,0,NA,NA,NA,0,5,2006,WD ,104500
160,RM,41,2665,Pave,NA,Reg,Lvl,Inside,Gtl,MeadowV,Norm,Norm,TwnhsE,2Story,5,6,1977,1977,Gable,CompShg,CemntBd,CmentBd,None,0,TA,TA,PConc,TA,TA,No,ALQ,548,Rec,173,36,757,GasA,Ex,Y,SBrkr,925,550,0,1475,0,0,2,0,4,1,TA,6,Typ,1,TA,Attchd,1977,RFn,1,336,TA,TA,Y,104,26,0,0,0,0,NA,NA,NA,0,7,2006,WD ,127000
120,RM,31,2394,Pave,NA,Reg,Low,Inside,Mod,MeadowV,Norm,Norm,Twnhs,1Story,5,6,1973,1973,Gable,CompShg,CemntBd,CmentBd,None,0,TA,TA,CBlock,Gd,TA,Gd,GLQ,915,Unf,0,30,945,GasA,Ex,Y,SBrkr,945,0,0,945,1,1,1,0,2,1,TA,5,Typ,1,Po,Attchd,1973,RFn,1,253,TA,TA,Y,174,0,56,0,108,0,NA,NA,NA,0,5,2010,WD ,119500
160,RM,21,1890,Pave,NA,Reg,Lvl,Inside,Gtl,MeadowV,Norm,Norm,TwnhsE,2Story,4,6,1972,1972,Gable,CompShg,CemntBd,CmentBd,None,0,TA,TA,CBlock,TA,TA,No,Rec,294,Unf,0,252,546,GasA,TA,Y,SBrkr,546,546,0,1092,0,0,1,1,3,1,TA,5,Typ,0,NA,Attchd,1972,Unf,1,286,TA,TA,Y,0,0,64,0,0,0,NA,NA,NA,0,6,2010,WD ,85500
160,RM,21,1504,Pave,NA,Reg,Lvl,Inside,Gtl,MeadowV,Norm,Norm,Twnhs,2Story,4,4,1972,1972,Gable,CompShg,CemntBd,CmentBd,None,0,TA,TA,CBlock,TA,TA,No,BLQ,252,Unf,0,294,546,GasA,TA,Y,SBrkr,546,546,0,1092,0,0,1,1,3,1,TA,5,Typ,0,NA,Attchd,1972,Unf,1,253,TA,TA,Y,0,0,0,0,0,0,NA,NA,NA,0,5,2007,WD ,85500
160,RM,21,1484,Pave,NA,Reg,Lvl,Inside,Gtl,MeadowV,Norm,Norm,TwnhsE,2Story,4,4,1972,1972,Gable,CompShg,CemntBd,CmentBd,None,0,TA,TA,CBlock,TA,TA,No,Rec,252,Unf,0,294,546,GasA,TA,Y,SBrkr,546,546,0,1092,0,0,1,1,3,1,TA,5,Typ,0,NA,Attchd,1972,Unf,1,253,TA,Fa,Y,0,0,0,0,0,0,NA,NA,NA,0,5,2006,WD ,79400
160,RM,21,2217,Pave,NA,Reg,Lvl,Inside,Gtl,MeadowV,Norm,Norm,TwnhsE,2Story,4,4,1970,1970,Gable,CompShg,CemntBd,CmentBd,None,0,TA,TA,CBlock,TA,TA,No,BLQ,273,LwQ,273,0,546,GasA,TA,Y,SBrkr,546,546,0,1092,0,0,1,1,3,1,TA,6,Typ,0,NA,Attchd,1970,RFn,1,286,TA,TA,Y,238,0,0,0,0,0,NA,NA,NA,0,8,2009,WD ,88000
160,RM,21,2001,Pave,NA,Reg,Lvl,Inside,Gtl,MeadowV,Norm,Norm,Twnhs,2Story,4,5,1970,1970,Gable,CompShg,CemntBd,CmentBd,BrkFace,80,TA,TA,CBlock,TA,TA,No,Unf,0,Unf,0,546,546,GasA,Fa,Y,SBrkr,546,546,0,1092,0,0,1,1,3,1,TA,6,Typ,0,NA,Attchd,1970,Unf,1,286,TA,TA,Y,0,0,0,0,0,0,NA,NA,NA,0,1,2007,WD ,75000
180,RM,21,1526,Pave,NA,Reg,Lvl,Inside,Gtl,MeadowV,Norm,Norm,Twnhs,SFoyer,4,8,1970,2002,Gable,CompShg,CemntBd,CmentBd,None,0,TA,Gd,CBlock,Gd,TA,Av,GLQ,515,Unf,0,115,630,GasA,TA,Y,SBrkr,630,0,0,630,1,0,1,0,1,1,Gd,3,Typ,0,NA,Attchd,1970,Unf,1,286,TA,TA,Y,0,0,0,0,0,0,NA,NA,NA,0,5,2009,WD ,86000
180,RM,21,1477,Pave,NA,Reg,Lvl,Inside,Gtl,MeadowV,Norm,Norm,TwnhsE,SFoyer,4,4,1970,1970,Gable,CompShg,CemntBd,CmentBd,None,0,TA,TA,CBlock,Gd,TA,Av,GLQ,509,Unf,0,121,630,GasA,TA,Y,SBrkr,630,0,0,630,1,0,1,0,1,1,TA,3,Typ,0,NA,Attchd,1970,Unf,1,286,TA,TA,Y,0,0,0,0,0,0,NA,NA,NA,0,4,2009,WD ,80000
160,RM,21,2058,Pave,NA,Reg,Lvl,Inside,Gtl,BrDale,Norm,Norm,Twnhs,2Story,6,5,1973,1973,Gable,CompShg,HdBoard,HdBoard,BrkFace,265,TA,TA,CBlock,TA,TA,No,Unf,0,Unf,0,672,672,GasA,Ex,Y,SBrkr,672,546,0,1218,0,0,1,1,4,1,Ex,7,Typ,0,NA,Detchd,1973,Unf,1,264,TA,TA,Y,0,28,0,0,0,0,NA,NA,NA,0,12,2007,WD ,113700
160,RM,21,1890,Pave,NA,Reg,Lvl,Inside,Gtl,BrDale,Norm,Norm,Twnhs,2Story,6,5,1973,1973,Gable,CompShg,HdBoard,HdBoard,BrkFace,285,TA,TA,CBlock,TA,TA,No,BLQ,356,Unf,0,316,672,GasA,TA,Y,SBrkr,672,546,0,1218,0,0,1,1,3,1,TA,7,Typ,0,NA,Detchd,1973,Unf,1,264,TA,TA,Y,144,28,0,0,0,0,NA,NA,NA,0,5,2007,WD ,113000
160,RM,24,2160,Pave,NA,Reg,Lvl,Inside,Gtl,BrDale,Norm,Norm,TwnhsE,2Story,5,6,1973,1973,Gable,CompShg,HdBoard,HdBoard,BrkFace,200,TA,TA,CBlock,TA,TA,No,LwQ,402,Unf,0,363,765,GasA,Gd,Y,SBrkr,765,600,0,1365,0,0,1,1,3,1,Gd,7,Min1,1,Fa,Attchd,1973,Unf,2,440,TA,TA,Y,0,36,0,0,0,0,NA,NA,NA,0,6,2006,WD ,125500
160,RM,21,1680,Pave,NA,Reg,Lvl,Inside,Gtl,BrDale,Norm,Norm,Twnhs,2Story,6,6,1972,1972,Gable,CompShg,HdBoard,HdBoard,BrkFace,425,TA,TA,CBlock,TA,TA,No,Rec,110,LwQ,294,79,483,GasA,TA,Y,SBrkr,483,504,0,987,1,0,1,1,2,1,TA,5,Typ,0,NA,Detchd,1972,Unf,1,288,TA,TA,Y,0,0,0,0,0,0,NA,NA,NA,0,7,2009,WD ,97000
160,RM,21,1680,Pave,NA,Reg,Lvl,Inside,Gtl,BrDale,Norm,Norm,Twnhs,2Story,6,8,1972,2007,Gable,CompShg,HdBoard,HdBoard,BrkFace,510,TA,TA,CBlock,TA,TA,No,ALQ,162,Unf,0,321,483,GasA,Gd,Y,SBrkr,483,504,0,987,0,0,1,1,2,1,Gd,5,Typ,0,NA,Detchd,1972,Unf,1,264,TA,TA,Y,250,0,0,0,0,0,NA,NA,NA,0,5,2009,WD ,118000
160,RM,21,1680,Pave,NA,Reg,Lvl,Inside,Gtl,BrDale,Norm,Norm,Twnhs,2Story,6,5,1972,1972,Gable,CompShg,HdBoard,HdBoard,BrkFace,297,TA,TA,CBlock,TA,TA,No,Unf,0,Unf,0,483,483,GasA,TA,Y,SBrkr,483,504,0,987,0,0,1,1,2,1,TA,5,Typ,1,Po,Attchd,1972,Unf,1,288,TA,TA,Y,0,0,0,0,0,0,NA,NA,NA,0,6,2006,WD ,94500
160,RM,21,1680,Pave,NA,Reg,Lvl,Inside,Gtl,BrDale,Norm,Norm,Twnhs,2Story,6,5,1972,1972,Gable,CompShg,HdBoard,HdBoard,BrkFace,504,TA,TA,CBlock,TA,TA,No,ALQ,276,Unf,0,207,483,GasA,TA,Y,SBrkr,483,465,0,948,0,0,1,1,2,1,TA,5,Typ,0,NA,Detchd,1972,Unf,1,264,TA,TA,Y,0,0,0,0,0,0,NA,NA,NA,0,7,2006,WD ,89000
160,RM,21,1680,Pave,NA,Reg,Lvl,Inside,Gtl,BrDale,Norm,Norm,Twnhs,2Story,6,5,1972,1972,Gable,CompShg,HdBoard,HdBoard,BrkFace,504,TA,TA,CBlock,TA,TA,No,BLQ,382,Unf,0,143,525,GasA,Gd,Y,SBrkr,525,567,0,1092,0,0,1,1,3,1,TA,6,Typ,0,NA,Detchd,1972,Unf,1,264,TA,TA,Y,352,0,0,0,0,0,NA,GdPrv,NA,0,10,2006,WD ,108000
160,RM,21,1680,Pave,NA,Reg,Lvl,Inside,Gtl,BrDale,Norm,Norm,Twnhs,2Story,5,5,1972,1972,Gable,CompShg,HdBoard,HdBoard,BrkFace,356,TA,TA,CBlock,TA,TA,No,Rec,350,Unf,0,280,630,GasA,TA,Y,SBrkr,630,672,0,1302,0,0,2,1,3,1,TA,6,Typ,0,NA,Detchd,1972,Unf,1,264,TA,TA,Y,0,0,0,0,0,0,NA,NA,NA,0,12,2008,WD ,111750
160,RM,21,1680,Pave,NA,Reg,Lvl,Inside,Gtl,BrDale,Norm,Norm,Twnhs,2Story,6,7,1972,1972,Gable,CompShg,HdBoard,HdBoard,BrkFace,281,TA,TA,CBlock,TA,TA,No,BLQ,317,Unf,0,355,672,GasA,Gd,Y,SBrkr,672,546,0,1218,0,1,1,1,3,1,TA,7,Typ,0,NA,Detchd,1972,Unf,1,264,TA,TA,Y,0,28,0,0,0,0,NA,NA,NA,0,5,2006,WD ,118000
160,RM,21,1680,Pave,NA,Reg,Lvl,Inside,Gtl,BrDale,Norm,Norm,Twnhs,2Story,6,5,1971,1971,Gable,CompShg,HdBoard,HdBoard,BrkFace,504,TA,TA,CBlock,TA,TA,No,Rec,156,Unf,0,327,483,GasA,TA,Y,SBrkr,483,504,0,987,0,0,1,1,2,1,TA,5,Typ,0,NA,Detchd,1971,Unf,1,264,TA,TA,Y,275,0,0,0,0,0,NA,NA,NA,0,2,2010,COD,96000
160,RM,21,1680,Pave,NA,Reg,Lvl,Inside,Gtl,BrDale,Norm,Norm,TwnhsE,2Story,6,3,1971,1971,Gable,CompShg,HdBoard,HdBoard,BrkFace,604,TA,TA,CBlock,TA,TA,No,ALQ,358,Unf,0,125,483,GasA,TA,Y,SBrkr,483,504,0,987,0,0,1,1,2,1,TA,5,Typ,0,NA,Detchd,1971,Unf,1,264,TA,TA,Y,0,0,0,0,0,0,NA,NA,NA,0,8,2008,WD ,89500
160,RM,24,1920,Pave,NA,Reg,Lvl,Inside,Gtl,BrDale,Norm,Norm,TwnhsE,2Story,5,5,1971,1971,Gable,CompShg,HdBoard,HdBoard,BrkFace,376,TA,TA,CBlock,TA,TA,No,ALQ,471,Unf,0,294,765,GasA,Ex,Y,SBrkr,765,600,0,1365,1,0,1,1,2,1,TA,6,Min1,0,NA,Detchd,1971,Unf,2,440,TA,TA,Y,240,36,0,0,0,0,NA,NA,NA,0,8,2007,WD ,122500
160,RM,24,2016,Pave,NA,Reg,Lvl,Inside,Gtl,BrDale,Norm,Norm,TwnhsE,2Story,5,5,1970,1970,Gable,CompShg,HdBoard,HdBoard,BrkFace,304,TA,TA,CBlock,TA,TA,No,Unf,0,Unf,0,630,630,GasA,TA,Y,SBrkr,630,672,0,1302,0,0,2,1,3,1,TA,6,Typ,0,NA,Detchd,1970,Unf,2,440,TA,TA,Y,0,0,0,0,0,0,NA,NA,NA,0,4,2007,WD ,106000
160,RM,24,2368,Pave,NA,Reg,Lvl,Inside,Gtl,BrDale,Norm,Norm,TwnhsE,2Story,5,6,1970,1970,Gable,CompShg,HdBoard,HdBoard,None,312,TA,TA,CBlock,TA,TA,No,LwQ,765,Unf,0,0,765,GasA,TA,Y,SBrkr,765,600,0,1365,0,0,1,1,3,1,TA,7,Min1,0,NA,Attchd,1970,Unf,2,440,TA,TA,Y,0,36,0,0,0,0,NA,NA,NA,0,5,2009,WD ,125000
190,RL,60,9873,Pave,NA,Reg,Lvl,Inside,Gtl,BrkSide,RRAn,Norm,2fmCon,1Story,4,5,1970,1970,Gable,CompShg,HdBoard,HdBoard,BrkFace,160,TA,TA,CBlock,TA,TA,Av,ALQ,789,Unf,0,171,960,GasW,TA,N,SBrkr,960,0,0,960,1,0,1,0,3,1,TA,6,Typ,0,NA,Detchd,1970,Unf,2,576,TA,TA,Y,0,288,0,0,0,0,NA,NA,NA,0,5,2006,WD ,129000
20,RL,88,7990,Pave,NA,IR1,Lvl,Inside,Gtl,CollgCr,Norm,Norm,1Fam,1Story,5,6,1975,1975,Hip,CompShg,HdBoard,HdBoard,None,0,TA,TA,CBlock,Gd,TA,No,Unf,0,Unf,0,924,924,GasA,TA,Y,SBrkr,924,0,0,924,0,0,1,0,3,1,TA,5,Typ,0,NA,Detchd,1981,Unf,1,280,TA,TA,Y,0,0,0,0,0,0,NA,MnPrv,NA,0,4,2008,WD ,110000
20,RL,76,6950,Pave,NA,IR1,Lvl,Inside,Gtl,CollgCr,Norm,Norm,1Fam,1Story,5,7,1979,1979,Gable,CompShg,HdBoard,HdBoard,BrkFace,40,TA,TA,CBlock,TA,TA,No,ALQ,710,BLQ,72,132,914,GasA,TA,Y,SBrkr,914,0,0,914,1,0,1,0,2,1,TA,5,Typ,0,NA,Attchd,1979,Unf,2,444,TA,TA,Y,0,0,0,0,0,0,NA,NA,NA,0,10,2009,WD ,134900
80,RL,65,8385,Pave,NA,Reg,Lvl,Inside,Gtl,CollgCr,Norm,Norm,1Fam,SLvl,5,8,1977,1977,Gable,CompShg,HdBoard,HdBoard,BrkFace,220,Gd,TA,CBlock,Gd,Gd,Av,GLQ,595,Unf,0,390,985,GasA,TA,Y,SBrkr,985,0,0,985,0,0,2,0,3,1,TA,6,Typ,0,NA,Attchd,1977,Unf,1,328,TA,TA,Y,210,0,0,0,0,0,NA,NA,NA,0,11,2008,WD ,149900
20,RL,61,8800,Pave,NA,IR1,Lvl,Inside,Gtl,CollgCr,Norm,Norm,1Fam,1Story,5,7,1977,2008,Gable,CompShg,HdBoard,HdBoard,None,0,TA,TA,CBlock,Gd,TA,Mn,LwQ,532,Rec,144,364,1040,GasA,TA,Y,SBrkr,1040,0,0,1040,0,0,2,0,3,1,Gd,5,Typ,0,NA,Detchd,1977,Unf,2,484,TA,TA,Y,0,0,0,0,288,0,NA,NA,NA,0,9,2009,WD ,150500
20,RL,60,7200,Pave,NA,Reg,Bnk,Inside,Gtl,CollgCr,Norm,Norm,1Fam,1Story,5,7,1972,1972,Gable,CompShg,HdBoard,HdBoard,None,0,TA,TA,CBlock,TA,TA,Av,ALQ,632,Unf,0,148,780,GasA,Ex,Y,SBrkr,780,0,0,780,0,0,1,0,2,1,TA,4,Typ,0,NA,Detchd,1973,Unf,1,352,TA,TA,Y,196,0,0,0,0,0,NA,MnPrv,NA,0,1,2008,WD ,124900
120,RL,42,4235,Pave,NA,Reg,Lvl,Inside,Gtl,Edwards,Norm,Norm,TwnhsE,1Story,5,5,1984,1984,Gable,CompShg,HdBoard,HdBoard,BrkFace,149,Gd,TA,CBlock,Gd,TA,Mn,GLQ,552,ALQ,393,104,1049,GasA,TA,Y,SBrkr,1049,0,0,1049,1,0,2,0,2,1,Gd,5,Typ,0,NA,Attchd,1984,Fin,1,266,TA,TA,Y,0,105,0,0,0,0,NA,NA,NA,0,2,2009,WD ,139500
80,RL,37,7937,Pave,NA,IR1,Lvl,CulDSac,Gtl,Mitchel,Norm,Norm,1Fam,SLvl,6,6,1984,1984,Gable,CompShg,HdBoard,HdBoard,None,0,TA,TA,CBlock,TA,TA,Av,GLQ,819,Unf,0,184,1003,GasA,TA,Y,SBrkr,1003,0,0,1003,1,0,1,0,3,1,TA,6,Typ,0,NA,Detchd,1984,Unf,2,588,TA,TA,Y,120,0,0,0,0,0,NA,GdPrv,NA,0,3,2006,WD ,142500
20,RL,62,9858,Pave,NA,Reg,Lvl,Inside,Gtl,Mitchel,Norm,Norm,1Fam,1Story,5,6,1968,1968,Gable,CompShg,HdBoard,HdBoard,None,0,TA,TA,CBlock,TA,TA,No,BLQ,510,Unf,0,354,864,GasA,TA,Y,SBrkr,874,0,0,874,1,0,1,0,3,1,TA,5,Typ,0,NA,Attchd,1968,RFn,1,288,TA,TA,Y,33,0,0,0,0,0,NA,GdWo,Shed,600,11,2009,WD ,130000
20,RL,60,6600,Pave,NA,Reg,Lvl,Inside,Gtl,Mitchel,Norm,Norm,1Fam,1Story,5,8,1982,2003,Gable,CompShg,HdBoard,HdBoard,None,0,TA,Gd,PConc,TA,Gd,No,GLQ,816,Unf,0,0,816,GasA,Ex,Y,SBrkr,816,0,0,816,1,0,1,0,2,1,TA,4,Typ,0,NA,Detchd,1985,Fin,2,816,TA,TA,Y,0,0,0,0,0,0,NA,NA,NA,0,6,2008,WD ,138000
20,RL,65,8125,Pave,NA,Reg,Lvl,Inside,Gtl,NAmes,Norm,Norm,1Fam,1Story,5,7,1965,2005,Hip,CompShg,HdBoard,HdBoard,None,0,Gd,TA,CBlock,TA,TA,No,ALQ,260,Rec,456,196,912,GasA,Ex,Y,SBrkr,925,0,0,925,1,0,1,0,3,1,TA,5,Typ,0,NA,Detchd,1978,Unf,2,576,TA,TA,Y,233,0,0,0,0,0,NA,NA,NA,0,7,2008,WD ,135000
20,RL,66,7920,Pave,NA,Reg,Lvl,Inside,Gtl,NAmes,Norm,Norm,1Fam,1Story,5,5,1970,2002,Gable,CompShg,HdBoard,HdBoard,BrkFace,32,TA,TA,CBlock,TA,TA,No,ALQ,81,GLQ,619,214,914,GasA,Ex,Y,SBrkr,914,0,0,914,0,0,1,0,3,1,Ex,5,Typ,0,NA,Attchd,1970,RFn,1,368,TA,Gd,Y,120,0,0,0,0,0,NA,NA,NA,0,10,2007,WD ,133000
20,RL,65,9750,Pave,NA,Reg,Lvl,FR2,Gtl,NAmes,Norm,Norm,1Fam,1Story,6,8,1969,1969,Gable,CompShg,HdBoard,HdBoard,None,0,TA,TA,CBlock,Gd,TA,No,ALQ,602,LwQ,438,14,1054,GasA,Gd,Y,SBrkr,1054,0,0,1054,1,0,1,1,3,1,TA,6,Typ,0,NA,Attchd,1969,Unf,2,460,TA,TA,Y,180,0,0,0,80,0,NA,NA,NA,0,7,2008,WD ,151000
85,RL,70,8400,Pave,NA,Reg,Lvl,Inside,Gtl,NAmes,Feedr,Norm,1Fam,SFoyer,5,6,1968,1968,Gable,CompShg,HdBoard,HdBoard,None,0,TA,TA,CBlock,Gd,TA,Gd,GLQ,744,Unf,0,89,833,GasA,Gd,Y,SBrkr,898,0,0,898,1,0,1,0,3,1,TA,6,Typ,0,NA,Attchd,1968,RFn,1,326,TA,TA,Y,143,0,0,0,0,0,NA,NA,NA,0,8,2006,WD ,140000
20,RL,70,8400,Pave,NA,Reg,Lvl,Inside,Gtl,NAmes,Feedr,Norm,1Fam,1Story,5,5,1968,1968,Hip,CompShg,HdBoard,HdBoard,BrkFace,168,TA,TA,CBlock,TA,TA,Av,BLQ,1016,Unf,0,36,1052,GasA,Gd,Y,SBrkr,1052,0,0,1052,1,0,1,1,3,1,TA,5,Typ,0,NA,Attchd,1968,RFn,1,288,TA,TA,Y,356,0,0,0,0,0,NA,GdWo,NA,0,11,2006,WD ,138500
20,RL,62,7130,Pave,NA,Reg,Lvl,Inside,Gtl,NAmes,Norm,Norm,1Fam,1Story,5,6,1967,1967,Gable,CompShg,HdBoard,HdBoard,None,0,TA,TA,PConc,TA,TA,No,BLQ,648,Unf,0,216,864,GasA,TA,Y,SBrkr,864,0,0,864,0,1,1,0,2,1,TA,5,Typ,0,NA,Attchd,1967,Fin,1,312,TA,TA,Y,0,0,0,0,0,0,NA,GdPrv,NA,0,6,2009,WD ,130000
20,RL,65,7150,Pave,NA,Reg,Lvl,Inside,Gtl,NAmes,Norm,Norm,1Fam,1Story,5,5,1967,1967,Gable,CompShg,HdBoard,HdBoard,BrkFace,60,TA,TA,CBlock,TA,TA,No,BLQ,432,Unf,0,460,892,GasA,TA,Y,SBrkr,892,0,0,892,0,0,1,0,3,1,TA,5,Typ,0,NA,Attchd,1967,RFn,1,288,TA,TA,Y,0,0,0,0,0,0,NA,GdWo,NA,0,7,2009,WD ,100000
85,RL,68,7838,Pave,NA,Reg,Lvl,Inside,Gtl,NAmes,Norm,Norm,1Fam,SFoyer,5,5,1967,1967,Gable,CompShg,HdBoard,HdBoard,None,0,TA,TA,CBlock,TA,TA,Av,ALQ,769,Unf,0,95,864,GasA,TA,Y,SBrkr,900,0,0,900,1,0,1,0,3,1,TA,6,Typ,1,Po,Attchd,1967,RFn,1,288,TA,TA,Y,175,144,0,0,0,0,NA,MnWw,NA,0,12,2006,WD ,123000
20,RL,80,9600,Pave,NA,Reg,Lvl,Inside,Gtl,NWAmes,Norm,Norm,1Fam,1Story,7,6,1973,1973,Hip,CompShg,HdBoard,HdBoard,BrkFace,320,TA,TA,CBlock,TA,TA,No,ALQ,916,Unf,0,326,1242,GasA,Fa,Y,SBrkr,1242,0,0,1242,0,0,1,1,3,1,TA,6,Typ,1,TA,Attchd,1973,Unf,2,528,TA,TA,Y,0,0,0,0,0,0,NA,NA,NA,0,9,2007,WD ,175500
20,RL,80,9600,Pave,NA,Reg,Lvl,Inside,Gtl,NWAmes,Norm,Norm,1Fam,1Story,7,5,1969,1969,Hip,CompShg,HdBoard,HdBoard,BrkFace,168,TA,TA,CBlock,TA,TA,No,Unf,0,Unf,0,1164,1164,GasA,TA,Y,SBrkr,1164,0,0,1164,0,0,1,1,3,1,TA,6,Typ,0,NA,Attchd,1969,Unf,2,528,TA,TA,Y,0,0,0,0,0,0,NA,NA,NA,0,7,2006,COD,140000
20,RL,80,9600,Pave,NA,Reg,Lvl,Inside,Gtl,NWAmes,Feedr,Norm,1Fam,1Story,5,5,1969,1969,Gable,CompShg,HdBoard,HdBoard,BrkFace,128,TA,TA,CBlock,Gd,TA,Mn,ALQ,553,Rec,147,588,1288,GasA,TA,Y,SBrkr,1336,0,0,1336,0,1,2,0,3,1,TA,6,Typ,1,Fa,Attchd,1969,RFn,2,502,TA,TA,Y,312,11,0,0,0,0,NA,NA,Shed,650,8,2009,WD ,163000
60,RL,74,7844,Pave,NA,Reg,Lvl,Inside,Gtl,Sawyer,Norm,Norm,1Fam,2Story,6,7,1978,1978,Hip,CompShg,HdBoard,HdBoard,BrkFace,203,TA,TA,CBlock,TA,TA,No,ALQ,209,Unf,0,463,672,GasA,TA,Y,SBrkr,672,728,0,1400,0,0,1,1,3,1,TA,6,Typ,1,TA,Attchd,1978,Fin,2,440,TA,TA,Y,0,0,0,0,0,0,NA,NA,NA,0,3,2006,WD ,149500
190,RL,65,8450,Pave,NA,Reg,Lvl,Inside,Gtl,Sawyer,RRAe,Norm,2fmCon,1Story,5,5,1968,1968,Gable,CompShg,HdBoard,HdBoard,None,0,TA,TA,CBlock,TA,Fa,Mn,ALQ,890,Unf,0,0,890,GasA,Gd,N,SBrkr,890,0,0,890,1,0,1,0,3,1,TA,5,Typ,0,NA,Detchd,1970,Unf,1,308,TA,TA,Y,0,0,0,0,0,0,NA,NA,NA,0,4,2008,WD ,115000
60,RL,80,9364,Pave,NA,Reg,Lvl,Corner,Gtl,Sawyer,Norm,Norm,1Fam,2Story,6,7,1969,1969,Gable,CompShg,HdBoard,HdBoard,Stone,143,TA,TA,CBlock,TA,TA,No,ALQ,371,Unf,0,292,663,GasA,TA,Y,SBrkr,663,689,0,1352,0,0,1,1,4,1,TA,7,Typ,0,NA,Attchd,1969,Fin,1,299,TA,TA,Y,379,36,0,0,0,0,NA,MnPrv,NA,0,3,2010,WD ,158000
20,RL,65,7832,Pave,NA,Reg,Lvl,Inside,Gtl,Sawyer,Norm,Norm,1Fam,1Story,5,5,1968,1968,Hip,CompShg,HdBoard,HdBoard,None,0,TA,TA,CBlock,TA,TA,No,GLQ,775,Unf,0,89,864,GasA,Ex,Y,SBrkr,864,0,0,864,1,0,1,0,2,1,TA,4,Typ,0,NA,Detchd,1969,Unf,1,280,TA,TA,Y,226,0,0,0,0,0,NA,NA,NA,0,5,2010,WD ,137250
20,RL,86,8665,Pave,NA,IR1,Lvl,Inside,Gtl,Sawyer,Norm,Norm,1Fam,1Story,5,5,1968,1968,Gable,CompShg,HdBoard,HdBoard,BrkFace,89,TA,TA,CBlock,TA,TA,Mn,Rec,168,BLQ,288,420,876,GasA,TA,Y,SBrkr,897,0,0,897,0,0,1,0,3,1,TA,5,Typ,0,NA,Attchd,1968,RFn,1,264,TA,TA,Y,0,0,0,0,0,0,NA,NA,NA,0,1,2007,WD ,115000
20,RL,55,8250,Pave,NA,Reg,Lvl,Inside,Gtl,Sawyer,Feedr,Norm,1Fam,1Story,5,5,1968,1968,Hip,CompShg,HdBoard,HdBoard,None,0,TA,TA,CBlock,TA,TA,No,BLQ,250,LwQ,492,210,952,GasA,Ex,Y,SBrkr,1211,0,0,1211,0,0,1,0,3,1,TA,5,Typ,1,TA,Attchd,1968,Unf,1,322,TA,TA,Y,0,63,0,0,0,0,NA,NA,NA,0,8,2008,WD ,134000
20,RL,65,7800,Pave,NA,Reg,Lvl,Inside,Gtl,Sawyer,Norm,Norm,1Fam,1Story,5,7,1967,2004,Hip,CompShg,HdBoard,HdBoard,BrkFace,89,TA,TA,PConc,TA,TA,No,ALQ,450,Unf,0,414,864,GasA,Ex,Y,SBrkr,899,0,0,899,0,0,1,0,3,1,Gd,5,Typ,0,NA,Attchd,1967,Fin,1,288,TA,TA,Y,64,0,0,0,0,0,NA,MnPrv,NA,0,6,2009,WD ,130000
20,RL,76,8314,Pave,NA,Reg,Lvl,Corner,Gtl,Mitchel,Norm,Norm,1Fam,1Story,5,7,1982,1982,Gable,CompShg,HdBoard,ImStucc,None,0,TA,TA,CBlock,TA,TA,Gd,ALQ,546,Unf,0,270,816,GasA,TA,Y,SBrkr,816,0,0,816,0,0,1,0,2,1,TA,5,Typ,0,NA,Attchd,1982,Unf,1,264,TA,TA,Y,168,0,0,0,0,0,NA,NA,NA,0,6,2007,WD ,124500
20,RL,61,9758,Pave,NA,IR1,Lvl,Inside,Gtl,NAmes,Norm,Norm,1Fam,1Story,5,5,1971,1971,Gable,CompShg,HdBoard,MetalSd,None,0,TA,TA,CBlock,TA,TA,No,BLQ,412,LwQ,287,251,950,GasA,TA,Y,SBrkr,950,0,0,950,0,0,1,0,3,1,TA,5,Typ,0,NA,Detchd,1981,Unf,1,280,TA,TA,Y,0,0,0,0,0,0,NA,NA,NA,0,7,2007,WD ,119500
160,RM,24,1879,Pave,NA,Reg,Lvl,CulDSac,Gtl,Blueste,Norm,Norm,Twnhs,2Story,6,6,1980,1980,Gable,CompShg,MetalSd,MetalSd,None,0,TA,TA,CBlock,Gd,TA,No,GLQ,366,Unf,0,150,516,GasA,TA,Y,SBrkr,516,516,0,1032,0,0,1,0,2,1,TA,5,Typ,1,TA,Detchd,1980,Unf,2,462,TA,TA,Y,213,0,0,0,0,0,NA,GdPrv,NA,0,12,2008,WD ,116500
160,RM,24,1733,Pave,NA,Reg,Lvl,Inside,Gtl,Blueste,Norm,Norm,Twnhs,2Story,6,6,1980,1980,Gable,CompShg,MetalSd,MetalSd,None,0,TA,TA,CBlock,TA,TA,No,Unf,0,Unf,0,516,516,GasA,TA,Y,SBrkr,516,516,0,1032,0,0,1,0,2,1,TA,5,Typ,1,TA,Detchd,1980,Unf,2,452,TA,TA,Y,279,0,0,0,0,0,NA,GdPrv,NA,0,5,2009,WD ,115000
160,RM,24,1782,Pave,NA,Reg,Lvl,Inside,Gtl,Blueste,Norm,Norm,Twnhs,2Story,6,6,1980,1980,Gable,CompShg,MetalSd,MetalSd,None,0,TA,Gd,CBlock,Gd,TA,No,GLQ,330,Unf,0,186,516,GasA,Gd,Y,SBrkr,529,516,0,1045,0,0,1,0,2,1,TA,5,Typ,1,TA,Detchd,1980,Unf,2,462,TA,TA,Y,180,0,0,0,0,0,NA,MnPrv,NA,0,12,2007,WD ,123900
160,RM,24,1612,Pave,NA,Reg,Lvl,Inside,Gtl,Blueste,Norm,Norm,Twnhs,2Story,6,6,1980,1980,Gable,CompShg,MetalSd,MetalSd,None,0,TA,TA,CBlock,Gd,TA,No,Unf,0,Unf,0,561,561,GasA,TA,Y,SBrkr,561,668,0,1229,0,0,1,1,2,1,TA,5,Typ,1,TA,Attchd,1980,Fin,2,462,TA,TA,Y,154,0,0,0,0,0,NA,MnPrv,NA,0,7,2009,WD ,121000
160,RM,24,1488,Pave,NA,Reg,Lvl,Inside,Gtl,Blueste,Norm,Norm,TwnhsE,2Story,6,6,1980,1992,Gable,CompShg,MetalSd,MetalSd,None,0,TA,Gd,CBlock,Gd,TA,Mn,ALQ,471,Unf,0,90,561,GasA,TA,Y,SBrkr,561,668,0,1229,1,0,1,1,2,1,Gd,5,Typ,1,TA,Attchd,1980,Fin,2,462,TA,TA,Y,176,0,0,0,0,0,NA,GdPrv,NA,0,10,2009,WD ,137000
160,RM,24,1300,Pave,NA,Reg,Lvl,Inside,Gtl,Blueste,Norm,Norm,TwnhsE,2Story,6,6,1980,1980,Gable,CompShg,MetalSd,MetalSd,None,0,TA,TA,CBlock,Gd,TA,No,ALQ,285,Unf,0,276,561,GasA,TA,Y,SBrkr,561,668,0,1229,0,0,1,1,2,1,TA,5,Typ,1,TA,Attchd,1980,Fin,2,462,TA,TA,Y,150,0,0,0,0,0,NA,GdPrv,NA,0,5,2009,WD ,124000
20,RL,120,9560,Pave,NA,IR1,Lvl,Corner,Gtl,CollgCr,Norm,Norm,1Fam,1Story,5,7,1972,1972,Hip,CompShg,MetalSd,MetalSd,None,0,TA,Gd,CBlock,TA,TA,Mn,Rec,360,Unf,0,504,864,GasA,Ex,Y,SBrkr,864,0,0,864,0,0,1,0,3,1,TA,5,Typ,0,NA,Attchd,1972,RFn,1,288,TA,TA,Y,0,0,0,0,0,0,NA,NA,NA,0,6,2006,WD ,128500
20,RL,60,7200,Pave,NA,Reg,Low,Inside,Gtl,CollgCr,Norm,Norm,1Fam,1Story,5,5,1972,1972,Hip,CompShg,MetalSd,MetalSd,None,0,TA,TA,CBlock,TA,TA,Av,Rec,777,Unf,0,117,894,GasA,TA,Y,SBrkr,894,0,0,894,0,0,1,0,2,1,TA,6,Typ,0,NA,Detchd,1985,RFn,2,600,TA,TA,Y,215,0,0,0,0,0,NA,NA,NA,0,9,2009,WD ,123000
50,RL,50,8405,Pave,Grvl,Reg,Lvl,Inside,Gtl,Edwards,Norm,Norm,1Fam,1.5Fin,5,8,1900,1950,Gable,CompShg,MetalSd,MetalSd,None,0,TA,TA,BrkTil,TA,Gd,No,Rec,241,BLQ,391,229,861,GasA,Ex,Y,SBrkr,961,406,0,1367,1,0,1,0,4,1,TA,7,Typ,0,NA,Detchd,1978,Unf,1,384,TA,TA,Y,0,130,112,0,0,0,NA,MnPrv,NA,0,4,2008,WD ,119000
20,RL,75,9937,Pave,NA,Reg,Lvl,Corner,Gtl,Edwards,Norm,Norm,1Fam,1Story,5,7,1964,1999,Hip,CompShg,MetalSd,MetalSd,None,0,TA,Gd,PConc,TA,TA,No,BLQ,637,Unf,0,849,1486,GasA,Ex,Y,SBrkr,1486,0,0,1486,1,0,1,0,3,1,TA,7,Typ,0,NA,Detchd,1968,Fin,2,480,TA,TA,Y,0,0,0,0,0,0,NA,MnPrv,NA,0,3,2009,WD ,167000
20,RL,70,7763,Pave,NA,Reg,Lvl,Inside,Gtl,NAmes,Norm,Norm,1Fam,1Story,5,7,1962,1980,Gable,CompShg,MetalSd,MetalSd,None,0,TA,Gd,CBlock,TA,TA,No,Rec,504,BLQ,108,319,931,GasA,TA,Y,SBrkr,1283,0,0,1283,1,0,1,0,3,1,TA,6,Typ,0,NA,Detchd,1980,Unf,2,506,TA,TA,Y,0,0,0,0,0,0,NA,NA,NA,0,10,2008,WD ,140000
20,RL,63,7560,Pave,NA,Reg,Lvl,Inside,Gtl,NAmes,Norm,Norm,1Fam,1Story,5,5,1971,1971,Hip,CompShg,MetalSd,MetalSd,None,0,TA,TA,CBlock,Gd,TA,No,Rec,119,ALQ,613,132,864,GasA,TA,Y,SBrkr,864,0,0,864,1,0,1,0,3,1,TA,5,Typ,0,NA,Detchd,1977,Unf,2,576,TA,TA,Y,0,0,0,0,0,0,NA,NA,NA,0,5,2008,WD ,123000
20,RL,102,9373,Pave,NA,IR1,Lvl,Corner,Gtl,NAmes,Norm,Norm,1Fam,1Story,5,6,1953,1953,Gable,CompShg,MetalSd,MetalSd,BrkFace,84,TA,TA,CBlock,TA,TA,No,Rec,500,LwQ,196,456,1152,GasA,TA,Y,SBrkr,1152,0,0,1152,0,0,1,1,3,1,TA,6,Typ,0,NA,Detchd,1971,Unf,2,636,TA,TA,Y,0,0,0,0,0,0,NA,NA,NA,0,5,2008,WD ,137500
60,RL,73,8814,Pave,NA,Reg,Lvl,Inside,Gtl,NAmes,Feedr,Norm,1Fam,2Story,5,6,1968,1968,Gable,CompShg,MetalSd,MetalSd,None,0,TA,TA,CBlock,TA,TA,No,LwQ,732,Unf,0,0,732,GasA,Ex,Y,SBrkr,732,732,0,1464,0,0,1,1,4,1,TA,7,Typ,0,NA,Attchd,1968,Unf,2,470,TA,TA,Y,0,40,0,0,0,0,NA,NA,NA,0,6,2008,WD ,141000
20,RL,80,9600,Pave,NA,Reg,Lvl,Corner,Gtl,NAmes,Feedr,Norm,1Fam,1Story,5,5,1968,1968,Gable,CompShg,MetalSd,MetalSd,None,0,TA,TA,CBlock,TA,TA,No,ALQ,758,Unf,0,293,1051,GasA,Gd,Y,SBrkr,1051,0,0,1051,1,0,1,0,3,1,TA,6,Typ,0,NA,Attchd,1968,RFn,2,504,TA,TA,Y,0,0,0,0,0,0,NA,NA,NA,0,7,2006,WD ,142000
20,RL,64,8712,Pave,NA,IR1,Lvl,Inside,Gtl,NAmes,Norm,Norm,1Fam,1Story,5,7,1957,2000,Hip,CompShg,MetalSd,MetalSd,None,0,TA,Gd,CBlock,TA,TA,Mn,BLQ,860,Unf,0,132,992,GasA,TA,Y,SBrkr,1306,0,0,1306,1,0,1,0,2,1,TA,5,Typ,0,NA,Detchd,1968,Unf,1,756,TA,TA,Y,0,0,0,0,0,0,NA,NA,NA,0,5,2009,WD ,153000
45,RL,60,9600,Pave,NA,Reg,Lvl,Inside,Gtl,NAmes,Norm,Norm,1Fam,1.5Unf,5,7,1949,2003,Gable,CompShg,MetalSd,MetalSd,None,0,TA,TA,CBlock,TA,TA,No,ALQ,220,Unf,0,625,845,GasA,TA,Y,SBrkr,893,0,0,893,0,1,1,0,2,1,Gd,4,Typ,0,NA,Detchd,1985,Unf,2,576,TA,TA,Y,0,0,0,0,0,0,NA,NA,NA,0,5,2007,WD ,135000
50,RM,50,6000,Pave,NA,Reg,Lvl,Inside,Gtl,OldTown,Norm,Norm,1Fam,1.5Fin,3,7,1948,2002,Gable,CompShg,MetalSd,MetalSd,None,0,TA,Gd,CBlock,TA,TA,No,ALQ,331,Unf,0,318,649,GasA,Ex,Y,SBrkr,679,504,0,1183,0,0,1,1,2,1,TA,6,Typ,0,NA,Detchd,1981,Unf,1,308,TA,TA,Y,0,176,0,0,0,0,NA,NA,NA,0,6,2007,WD ,120000
30,RM,60,6978,Pave,NA,Reg,Bnk,Inside,Gtl,OldTown,Artery,Norm,1Fam,1Story,5,7,1926,1980,Gable,CompShg,MetalSd,MetalSd,None,0,Gd,Gd,BrkTil,TA,TA,No,Unf,0,Unf,0,850,850,GasA,TA,Y,SBrkr,960,0,0,960,0,0,1,0,2,1,TA,5,Typ,0,NA,Detchd,1981,RFn,2,576,TA,TA,Y,0,0,116,0,0,0,NA,NA,NA,0,4,2007,WD ,103000
50,RM,50,6000,Pave,Grvl,Reg,Lvl,Inside,Gtl,OldTown,Norm,Norm,1Fam,1.5Fin,6,6,1927,1950,Gable,CompShg,MetalSd,MetalSd,None,0,TA,TA,BrkTil,TA,TA,No,Rec,276,Unf,0,569,845,GasA,TA,Y,SBrkr,866,430,0,1296,0,0,1,0,3,1,TA,6,Typ,0,NA,Detchd,1980,Unf,2,576,TA,TA,Y,0,0,175,0,0,0,NA,NA,NA,0,7,2007,WD ,127500
90,RM,60,7200,Pave,Grvl,Reg,Lvl,Inside,Gtl,OldTown,Norm,Norm,Duplex,SFoyer,5,5,1980,1980,Gable,CompShg,MetalSd,MetalSd,BrkFace,180,TA,TA,CBlock,Gd,TA,Gd,GLQ,936,Unf,0,0,936,GasA,TA,Y,SBrkr,936,0,0,936,1,0,1,0,2,1,TA,4,Typ,0,NA,Detchd,1980,Unf,2,672,TA,TA,Y,49,0,0,0,0,0,NA,NA,NA,0,8,2007,WD ,140000
20,RL,70,7420,Pave,NA,Reg,Lvl,Inside,Gtl,Sawyer,Norm,Norm,1Fam,1Story,5,5,1962,1962,Hip,CompShg,MetalSd,MetalSd,None,0,TA,TA,CBlock,TA,TA,No,Rec,417,Unf,0,640,1057,GasA,TA,Y,SBrkr,1057,0,0,1057,0,0,1,0,3,1,TA,6,Typ,0,NA,Detchd,1977,Fin,2,576,TA,TA,Y,0,0,0,0,0,0,NA,NA,NA,0,4,2007,WD ,132000
20,RL,65,8450,Pave,NA,Reg,Lvl,Inside,Gtl,Sawyer,RRAe,Norm,1Fam,1Story,5,8,1965,2009,Gable,CompShg,MetalSd,MetalSd,None,0,TA,Gd,CBlock,TA,TA,No,GLQ,553,BLQ,117,224,894,GasA,Ex,Y,SBrkr,894,0,0,894,1,0,1,0,3,1,TA,5,Typ,1,Gd,Detchd,1973,Unf,1,336,TA,TA,Y,416,144,0,0,0,0,NA,MnPrv,NA,0,4,2010,WD ,138500
60,RL,50,8340,Pave,NA,IR1,Lvl,Inside,Gtl,CollgCr,Norm,Norm,1Fam,2Story,6,6,1977,1977,Gable,CompShg,HdBoard,Plywood,BrkFace,62,TA,TA,CBlock,Gd,TA,Av,GLQ,509,Unf,0,166,675,GasA,TA,Y,SBrkr,686,702,0,1388,0,0,1,1,3,1,TA,6,Typ,0,NA,Attchd,1977,Unf,1,317,TA,TA,Y,406,36,0,0,0,0,NA,NA,NA,0,12,2006,WD ,157500
20,RL,69,9920,Pave,NA,IR1,Lvl,Inside,Gtl,CollgCr,Norm,Norm,1Fam,1Story,5,6,1969,1969,Gable,CompShg,HdBoard,Plywood,None,0,TA,TA,CBlock,Gd,TA,Gd,ALQ,523,Unf,0,448,971,GasA,TA,Y,SBrkr,971,0,0,971,0,0,1,1,3,1,TA,5,Typ,1,Po,Attchd,1969,Unf,1,300,TA,TA,Y,0,0,0,0,0,0,NA,NA,NA,0,5,2006,WD ,128500
60,RL,75,7950,Pave,NA,IR1,Bnk,Corner,Gtl,Edwards,Norm,Norm,1Fam,2Story,6,6,1977,1977,Hip,CompShg,HdBoard,Plywood,BrkFace,140,TA,TA,CBlock,TA,TA,No,BLQ,535,Unf,0,155,690,GasA,TA,Y,SBrkr,698,728,0,1426,0,0,1,1,3,1,TA,6,Typ,0,NA,Attchd,1977,Fin,2,440,TA,TA,Y,252,0,0,0,0,0,NA,MnPrv,NA,0,7,2009,WD ,159500
20,RL,37,6951,Pave,NA,IR1,Lvl,CulDSac,Gtl,Mitchel,Norm,Norm,1Fam,1Story,5,5,1984,1985,Gable,CompShg,HdBoard,Plywood,None,0,TA,TA,CBlock,TA,TA,No,ALQ,658,Unf,0,218,876,GasA,TA,Y,SBrkr,923,0,0,923,1,0,1,0,3,1,TA,5,Typ,0,NA,Attchd,1984,Unf,1,264,TA,TA,Y,362,0,0,0,0,0,NA,MnPrv,NA,0,10,2008,WD ,119500
20,RL,60,6600,Pave,NA,Reg,Lvl,Inside,Gtl,Mitchel,Norm,Norm,1Fam,1Story,5,6,1982,2005,Gable,CompShg,HdBoard,Plywood,None,0,TA,TA,CBlock,TA,TA,No,GLQ,638,Unf,0,207,845,GasA,Gd,Y,SBrkr,845,0,0,845,0,0,1,0,3,1,Gd,6,Typ,0,NA,Attchd,1982,Unf,1,264,TA,TA,Y,0,0,0,0,0,0,NA,NA,NA,0,7,2008,WD ,134500
80,RL,88,8471,Pave,NA,IR1,Lvl,Corner,Gtl,Sawyer,Norm,Norm,1Fam,SLvl,6,7,1977,1995,Gable,CompShg,HdBoard,Plywood,BrkFace,46,TA,TA,CBlock,Gd,Gd,Av,ALQ,506,Unf,0,0,506,GasA,TA,Y,SBrkr,1212,0,0,1212,1,0,1,0,3,1,TA,6,Typ,1,TA,Attchd,1978,Unf,2,492,TA,TA,Y,292,12,0,0,0,0,NA,GdWo,NA,0,7,2006,WD ,151000
20,RL,63,9750,Pave,NA,IR1,Lvl,Inside,Gtl,Sawyer,Norm,Norm,1Fam,1Story,5,5,1962,1962,Hip,CompShg,HdBoard,Plywood,None,0,TA,TA,CBlock,TA,TA,No,LwQ,68,BLQ,884,28,980,GasA,Gd,Y,SBrkr,980,0,0,980,1,0,1,0,3,1,TA,5,Typ,0,NA,Detchd,1969,Unf,2,400,TA,TA,Y,0,28,0,0,0,0,NA,MnPrv,NA,0,11,2009,WD ,110000
20,RL,81,9672,Pave,NA,Reg,Lvl,Corner,Gtl,SawyerW,Norm,Norm,1Fam,1Story,6,5,1984,1985,Hip,CompShg,HdBoard,Plywood,None,0,TA,TA,PConc,Gd,TA,No,GLQ,338,Unf,0,702,1040,GasA,TA,Y,SBrkr,1097,0,0,1097,0,0,2,0,3,1,TA,6,Typ,0,NA,Attchd,1986,Unf,2,480,TA,TA,Y,0,0,0,0,0,0,NA,GdPrv,NA,0,5,2010,WD ,152000
60,RL,68,8286,Pave,NA,IR1,Lvl,Corner,Gtl,Mitchel,Norm,Norm,1Fam,2Story,5,7,1977,1977,Gable,CompShg,Plywood,Plywood,None,0,TA,TA,PConc,Gd,TA,No,Rec,531,Unf,0,185,716,GasA,Ex,Y,SBrkr,716,716,0,1432,1,0,1,1,3,1,TA,6,Typ,1,Gd,Attchd,1977,Fin,2,531,TA,TA,Y,0,136,0,0,240,0,NA,GdPrv,NA,0,6,2007,WD ,157000
85,RL,75,9750,Pave,NA,Reg,Lvl,Inside,Gtl,Mitchel,Norm,Norm,1Fam,SFoyer,6,6,1977,1977,Gable,CompShg,Plywood,Plywood,None,0,TA,TA,CBlock,TA,TA,Av,ALQ,767,Unf,0,135,902,GasA,Ex,Y,SBrkr,926,0,0,926,1,0,1,0,2,1,TA,5,Typ,1,TA,Attchd,1977,Unf,1,351,TA,TA,Y,319,0,0,0,0,0,NA,MnPrv,NA,0,4,2009,WD ,156450
85,RL,72,9129,Pave,NA,Reg,Lvl,Inside,Gtl,Mitchel,Norm,Norm,1Fam,SFoyer,5,5,1977,1977,Gable,CompShg,Plywood,Plywood,BrkFace,144,TA,TA,PConc,Gd,TA,Av,GLQ,923,Unf,0,0,923,GasA,TA,Y,SBrkr,1008,0,0,1008,1,0,1,0,1,1,Gd,4,Typ,1,Fa,Attchd,1977,Fin,2,678,TA,TA,Y,201,66,0,0,0,0,NA,MnPrv,NA,0,7,2007,WD ,153500
90,RL,75,8604,Pave,NA,IR1,Lvl,Inside,Gtl,NAmes,Norm,Norm,Duplex,SFoyer,5,7,1978,1978,Gable,CompShg,Plywood,Plywood,BrkFace,124,TA,Gd,CBlock,Gd,TA,Av,GLQ,941,Unf,0,0,941,GasA,Gd,Y,SBrkr,941,0,0,941,1,0,1,0,2,1,Gd,4,Typ,0,NA,Attchd,1978,Unf,2,564,TA,TA,Y,0,40,0,0,0,0,NA,NA,NA,0,11,2009,WD ,145000
20,RL,70,8400,Pave,NA,Reg,Lvl,Corner,Gtl,NAmes,Norm,Norm,1Fam,1Story,4,5,1970,1970,Gable,CompShg,Plywood,Plywood,None,0,TA,TA,CBlock,TA,TA,No,ALQ,804,Rec,78,0,882,GasA,TA,Y,SBrkr,882,0,0,882,1,0,1,0,2,1,TA,4,Typ,0,NA,Attchd,1970,Fin,2,525,TA,TA,Y,240,0,0,0,0,0,NA,MnPrv,NA,0,4,2010,WD ,126000
20,RL,61,7930,Pave,NA,Reg,Lvl,Inside,Gtl,NAmes,Norm,Norm,1Fam,1Story,6,8,1969,2005,Gable,CompShg,Plywood,Plywood,None,0,TA,TA,CBlock,TA,TA,No,GLQ,439,LwQ,472,115,1026,GasA,Gd,Y,SBrkr,1026,0,0,1026,1,0,1,0,3,1,Gd,5,Typ,0,NA,Detchd,1969,RFn,2,440,TA,TA,Y,171,48,0,0,0,0,NA,NA,NA,0,7,2009,WD ,156000
120,RL,53,4043,Pave,NA,Reg,Lvl,Inside,Gtl,NPkVill,Norm,Norm,TwnhsE,1Story,6,5,1977,1977,Gable,CompShg,Plywood,Plywood,None,0,TA,TA,CBlock,Gd,TA,No,ALQ,360,Unf,0,709,1069,GasA,TA,Y,SBrkr,1069,0,0,1069,0,0,2,0,2,1,TA,4,Typ,1,Fa,Attchd,1977,RFn,2,440,TA,TA,Y,0,55,0,0,165,0,NA,NA,NA,0,7,2010,WD ,127500
20,RL,78,9360,Pave,NA,Reg,Lvl,Inside,Gtl,NWAmes,Norm,Norm,1Fam,1Story,6,7,1972,2006,Hip,CompShg,Plywood,Plywood,None,0,TA,TA,CBlock,TA,TA,No,ALQ,982,Unf,0,179,1161,GasA,TA,Y,SBrkr,1381,0,0,1381,1,0,1,1,3,1,Gd,5,Typ,1,TA,Attchd,1972,RFn,2,676,TA,TA,Y,0,0,0,0,0,0,NA,NA,NA,0,3,2010,WD ,197500
90,RL,64,6979,Pave,NA,Reg,Lvl,Inside,Gtl,OldTown,Norm,Norm,Duplex,SFoyer,6,5,1980,1980,Gable,CompShg,Plywood,Plywood,None,0,TA,TA,CBlock,TA,TA,No,GLQ,1056,Unf,0,0,1056,GasA,Gd,Y,SBrkr,1056,0,0,1056,2,0,0,0,0,2,TA,4,Typ,0,NA,Detchd,1980,Unf,2,576,TA,TA,Y,264,56,0,0,0,0,NA,GdPrv,Shed,600,6,2010,WD ,144000
20,RL,64,6285,Pave,NA,Reg,Lvl,Inside,Gtl,Sawyer,Norm,Norm,1Fam,1Story,5,5,1977,1977,Gable,CompShg,Plywood,Plywood,None,0,TA,TA,CBlock,Gd,TA,No,LwQ,138,Rec,351,405,894,GasA,TA,Y,SBrkr,894,0,0,894,1,0,1,0,2,1,TA,5,Typ,0,NA,Detchd,1979,Unf,1,308,TA,TA,Y,192,0,0,0,0,0,NA,NA,NA,0,3,2007,WD ,120750
20,RL,65,8450,Pave,NA,Reg,Lvl,Inside,Gtl,Sawyer,RRAe,Norm,1Fam,1Story,5,6,1968,1968,Gable,CompShg,Plywood,Plywood,BrkFace,90,TA,TA,CBlock,TA,TA,No,BLQ,162,Rec,270,450,882,GasA,TA,Y,SBrkr,909,0,0,909,0,0,1,0,3,1,TA,5,Typ,0,NA,Attchd,1968,Unf,1,294,TA,TA,Y,0,155,0,0,0,0,NA,MnPrv,NA,0,11,2006,COD,116000
20,RL,71,7064,Pave,NA,Reg,Lvl,Inside,Gtl,Sawyer,Norm,Norm,1Fam,1Story,5,6,1977,1977,Gable,CompShg,Plywood,Plywood,BrkFace,153,TA,TA,CBlock,TA,TA,No,BLQ,560,Unf,0,420,980,GasA,TA,Y,SBrkr,980,0,0,980,0,0,1,0,3,1,TA,6,Typ,0,NA,Detchd,1986,Unf,2,484,TA,TA,Y,192,0,0,0,0,0,NA,NA,NA,0,7,2009,WD ,135000
120,RL,50,7175,Pave,NA,Reg,Lvl,Inside,Gtl,SawyerW,Norm,Norm,TwnhsE,1Story,6,5,1984,1984,Gable,CompShg,Plywood,Plywood,None,0,TA,TA,CBlock,Gd,TA,No,ALQ,623,LwQ,121,0,744,GasA,TA,Y,SBrkr,752,0,0,752,1,0,1,0,2,1,TA,4,Typ,0,NA,Attchd,1984,Unf,1,264,TA,TA,Y,353,0,0,0,90,0,NA,MnPrv,NA,0,2,2010,WD ,125000
160,RL,50,8012,Pave,NA,Reg,Lvl,Inside,Gtl,SawyerW,Norm,Norm,TwnhsE,2Story,6,5,1980,1980,Gable,CompShg,Plywood,Plywood,None,0,TA,TA,CBlock,TA,TA,No,Unf,0,Unf,0,630,630,GasA,Ex,Y,SBrkr,630,636,0,1266,0,0,1,1,2,1,TA,5,Typ,2,TA,Attchd,1980,RFn,1,283,TA,TA,Y,340,0,0,0,0,0,NA,MnPrv,NA,0,7,2007,WD ,128000
120,RL,50,8012,Pave,NA,Reg,Lvl,Inside,Gtl,SawyerW,Norm,Norm,TwnhsE,1Story,6,5,1980,1980,Gable,CompShg,Plywood,Plywood,None,0,TA,TA,CBlock,Gd,TA,No,BLQ,543,BLQ,119,261,923,GasA,TA,Y,SBrkr,923,0,0,923,0,0,2,0,2,1,TA,5,Typ,1,TA,Attchd,1980,RFn,1,264,TA,TA,Y,80,0,0,0,0,0,NA,NA,NA,0,5,2010,WD ,143000
120,RL,55,7892,Pave,NA,Reg,Lvl,Inside,Gtl,SawyerW,Norm,Norm,TwnhsE,1Story,6,5,1979,1979,Gable,CompShg,Plywood,Plywood,None,0,TA,TA,CBlock,Gd,TA,No,Unf,0,Unf,0,918,918,GasA,TA,Y,SBrkr,918,0,0,918,0,0,2,0,2,1,TA,5,Typ,1,TA,Attchd,1979,Unf,1,264,TA,TA,Y,28,0,0,0,0,0,NA,NA,NA,0,4,2010,WD ,99500
30,RL,54,7223,Pave,NA,Reg,Lvl,Inside,Gtl,Crawfor,Norm,Norm,1Fam,1Story,5,5,1926,1950,Hip,CompShg,Stucco,Plywood,None,0,TA,TA,PConc,TA,TA,Mn,BLQ,319,Unf,0,971,1290,GasA,TA,Y,SBrkr,1422,0,0,1422,0,0,1,0,3,1,TA,6,Typ,0,NA,Detchd,1973,Unf,1,352,TA,TA,Y,0,0,64,0,0,0,NA,MnPrv,NA,0,4,2007,WD ,136500
120,RL,40,3880,Pave,NA,IR1,Lvl,Inside,Gtl,Greens,Norm,Norm,Twnhs,1Story,8,6,1978,1978,Gable,CompShg,Wd Sdng,Plywood,None,0,Gd,TA,CBlock,Gd,TA,Gd,GLQ,1052,Unf,0,174,1226,GasA,TA,Y,SBrkr,1226,0,0,1226,1,0,1,0,1,1,Gd,4,Typ,1,TA,Attchd,1978,Fin,2,484,TA,TA,Y,223,78,0,0,0,0,NA,NA,NA,0,1,2010,WD ,206000
120,RL,40,3876,Pave,NA,IR1,Lvl,Inside,Gtl,Greens,Norm,Norm,Twnhs,1Story,8,5,1978,1978,Gable,CompShg,Wd Sdng,Plywood,None,0,Gd,TA,CBlock,Gd,TA,Gd,GLQ,652,Rec,526,48,1226,GasA,TA,Y,SBrkr,1226,0,0,1226,1,0,1,0,1,1,Gd,4,Typ,1,TA,Attchd,1978,Fin,2,484,TA,TA,Y,133,60,0,0,0,0,NA,NA,NA,0,7,2006,WD ,170000
120,RL,40,3840,Pave,NA,IR1,Lvl,Inside,Gtl,Greens,Norm,Norm,TwnhsE,1Story,8,6,1978,1998,Gable,CompShg,Wd Sdng,Plywood,None,0,Gd,TA,CBlock,Gd,TA,Gd,GLQ,881,LwQ,176,0,1057,GasA,TA,Y,SBrkr,1295,0,0,1295,1,0,1,0,1,1,Gd,4,Typ,2,TA,Attchd,1978,Fin,2,571,TA,TA,Y,133,89,0,0,0,0,NA,NA,NA,0,7,2007,WD ,213750
30,RL,98,8731,Pave,NA,IR1,Lvl,Inside,Gtl,BrkSide,Norm,Norm,1Fam,1Story,5,5,1920,1950,Gable,CompShg,Stucco,Stucco,None,0,TA,Fa,BrkTil,TA,TA,No,BLQ,645,Unf,0,270,915,GasA,TA,Y,SBrkr,1167,0,0,1167,0,0,1,0,3,1,TA,6,Maj1,1,Gd,Detchd,1972,Unf,2,495,TA,TA,Y,0,0,216,0,126,0,NA,NA,NA,0,5,2007,WD ,144000
80,RL,72,9720,Pave,NA,Reg,Lvl,Inside,Gtl,CollgCr,Norm,Norm,1Fam,SLvl,5,7,1977,1977,Gable,CompShg,Plywood,VinylSd,BrkFace,51,TA,TA,CBlock,TA,Ex,Av,ALQ,755,Unf,0,240,995,GasA,TA,Y,SBrkr,1009,0,0,1009,0,0,2,0,3,1,TA,6,Typ,1,Fa,Detchd,1977,Unf,2,576,TA,TA,Y,0,0,0,0,0,0,NA,MnPrv,NA,0,6,2007,WD ,160000
50,RM,52,6240,Pave,NA,Reg,Lvl,Inside,Gtl,BrkSide,Norm,Norm,1Fam,1.5Fin,5,7,1936,1980,Gable,CompShg,VinylSd,VinylSd,None,0,TA,TA,CBlock,TA,Fa,No,Rec,276,Unf,0,252,528,GasA,Gd,Y,SBrkr,548,492,0,1040,0,0,1,0,2,1,TA,5,Typ,0,NA,Detchd,1979,Fin,2,624,TA,TA,P,306,0,32,0,0,0,NA,NA,NA,0,5,2010,WD ,123900
20,RL,70,7700,Pave,NA,Reg,Lvl,Corner,Gtl,CollgCr,Norm,Norm,1Fam,1Story,5,5,1972,1972,Gable,CompShg,VinylSd,VinylSd,None,0,TA,TA,CBlock,TA,TA,No,LwQ,138,Rec,468,276,882,GasA,TA,Y,SBrkr,882,0,0,882,1,0,1,0,3,1,TA,5,Typ,0,NA,Detchd,1980,Unf,2,461,TA,TA,Y,96,0,0,0,0,0,NA,MnPrv,NA,0,3,2007,WD ,112500
80,RL,59,8660,Pave,NA,IR1,Lvl,Inside,Gtl,CollgCr,Norm,Norm,1Fam,SLvl,5,5,1976,1976,Gable,CompShg,VinylSd,VinylSd,BrkFace,113,TA,Gd,CBlock,Gd,TA,Av,GLQ,502,Unf,0,513,1015,GasA,TA,Y,SBrkr,1025,0,0,1025,0,0,2,0,3,1,TA,6,Typ,1,Fa,Detchd,1979,Unf,2,370,TA,TA,Y,127,0,0,0,0,0,NA,NA,NA,0,7,2007,WD ,153500
20,RL,60,7200,Pave,NA,Reg,Lvl,Inside,Gtl,CollgCr,Norm,Norm,1Fam,1Story,5,5,1972,2000,Gable,CompShg,VinylSd,VinylSd,None,0,TA,TA,CBlock,TA,TA,No,ALQ,671,Unf,0,193,864,GasA,Gd,Y,SBrkr,864,0,0,864,1,0,1,0,3,1,Ex,5,Typ,0,NA,Detchd,1977,Fin,2,576,Gd,Ex,Y,155,0,0,0,0,0,NA,NA,NA,0,9,2007,WD ,127000
20,RL,60,7200,Pave,NA,Reg,Low,Inside,Gtl,CollgCr,Norm,Norm,1Fam,1Story,5,8,1972,1972,Gable,CompShg,VinylSd,VinylSd,None,0,TA,TA,CBlock,TA,TA,No,BLQ,437,Unf,0,427,864,GasA,Ex,Y,SBrkr,864,0,0,864,0,0,1,0,3,1,TA,5,Typ,0,NA,Detchd,1977,Unf,1,297,TA,TA,Y,0,0,0,0,0,0,NA,MnPrv,NA,0,3,2006,WD ,119900
40,RM,50,9100,Pave,NA,Reg,Lvl,Inside,Gtl,BrkSide,RRAn,Feedr,1Fam,1Story,5,6,1930,1960,Gable,CompShg,VinylSd,VinylSd,None,0,TA,TA,BrkTil,TA,TA,No,Unf,0,Unf,0,742,742,GasA,TA,Y,FuseA,779,0,156,935,0,0,1,0,2,1,TA,4,Typ,0,NA,Detchd,1988,Unf,1,308,TA,TA,P,0,0,0,0,0,0,NA,NA,Shed,600,8,2008,WD ,79500
20,RL,59,6490,Pave,NA,Reg,Lvl,Inside,Gtl,Mitchel,Norm,Norm,1Fam,1Story,5,7,1983,1983,Gable,CompShg,VinylSd,VinylSd,None,0,TA,Gd,CBlock,TA,TA,No,GLQ,534,Unf,0,282,816,GasA,Ex,Y,SBrkr,816,0,0,816,0,1,1,0,2,1,TA,4,Typ,0,NA,Attchd,1983,Unf,1,264,TA,TA,Y,315,0,0,0,0,0,NA,GdWo,NA,0,4,2008,WD ,128500
20,RL,71,9187,Pave,NA,Reg,Bnk,Corner,Gtl,Mitchel,Norm,Norm,1Fam,1Story,6,5,1983,1983,Gable,CompShg,VinylSd,VinylSd,None,0,TA,Gd,PConc,TA,TA,No,ALQ,336,Unf,0,748,1084,GasA,TA,Y,SBrkr,1080,0,0,1080,0,0,1,1,3,1,TA,5,Typ,0,NA,Attchd,1983,Unf,2,484,TA,TA,Y,120,0,158,0,0,0,NA,NA,NA,0,6,2007,WD ,134000
20,RL,60,6600,Pave,NA,Reg,Lvl,Inside,Gtl,Mitchel,Norm,Norm,1Fam,1Story,5,9,1982,2008,Gable,CompShg,VinylSd,VinylSd,None,0,Gd,Gd,CBlock,TA,TA,No,ALQ,641,Unf,0,175,816,GasA,Ex,Y,SBrkr,816,0,0,816,0,1,1,0,3,1,Gd,5,Typ,1,Ex,Attchd,1982,Unf,1,264,TA,TA,Y,0,0,0,0,0,0,NA,MnPrv,NA,0,10,2008,WD ,130500
20,RL,50,6953,Pave,NA,Reg,Lvl,Inside,Gtl,Mitchel,Norm,Norm,1Fam,1Story,5,7,1971,2004,Gable,CompShg,VinylSd,VinylSd,None,0,TA,Gd,CBlock,TA,TA,No,ALQ,469,Unf,0,395,864,GasA,Ex,Y,SBrkr,874,0,0,874,0,0,1,0,3,1,TA,5,Typ,0,NA,Detchd,1971,Unf,1,352,TA,TA,Y,0,0,0,0,0,0,NA,NA,NA,0,6,2010,ConLD,130000
20,RL,76,8243,Pave,NA,IR1,Lvl,CulDSac,Gtl,NAmes,Norm,Norm,1Fam,1Story,5,7,1961,1961,Gable,CompShg,VinylSd,VinylSd,BrkFace,56,TA,Gd,CBlock,TA,TA,No,ALQ,700,Unf,0,264,964,GasA,Ex,Y,SBrkr,964,0,0,964,0,0,1,0,3,1,TA,5,Typ,1,Fa,Detchd,1985,Fin,2,784,TA,TA,Y,170,0,0,0,0,0,NA,GdPrv,NA,0,2,2007,WD ,137500
20,RL,60,7200,Pave,NA,Reg,Lvl,Inside,Gtl,NAmes,Norm,Norm,1Fam,1Story,5,8,1950,2002,Gable,CompShg,VinylSd,VinylSd,None,0,TA,TA,CBlock,TA,TA,No,ALQ,398,BLQ,149,317,864,GasA,Gd,Y,SBrkr,864,0,0,864,1,0,1,0,3,1,Gd,5,Typ,0,NA,Detchd,1980,RFn,2,720,TA,TA,Y,194,0,0,0,0,0,NA,NA,NA,0,7,2007,WD ,129000
20,RL,65,8450,Pave,NA,Reg,Lvl,Inside,Gtl,NAmes,Norm,Norm,1Fam,1Story,5,6,1968,1968,Gable,CompShg,VinylSd,VinylSd,None,0,TA,TA,CBlock,TA,TA,No,BLQ,775,Unf,0,281,1056,GasA,Ex,Y,SBrkr,1056,0,0,1056,1,0,1,0,3,1,TA,6,Typ,1,Fa,Attchd,1968,Unf,1,304,TA,TA,Y,0,85,184,0,0,0,NA,NA,NA,0,7,2010,WD ,142000
20,RL,60,7200,Pave,NA,Reg,Lvl,Inside,Gtl,NAmes,Norm,Norm,1Fam,1Story,5,7,1955,2007,Gable,CompShg,VinylSd,VinylSd,None,0,TA,TA,Slab,NA,NA,NA,NA,0,NA,0,0,0,GasA,Ex,Y,SBrkr,827,0,0,827,0,0,1,0,2,1,TA,5,Mod,1,Po,Detchd,1967,Unf,1,392,TA,TA,Y,0,0,0,0,0,0,NA,NA,NA,0,4,2010,WD ,107500
80,RL,75,9750,Pave,NA,Reg,Lvl,Inside,Gtl,NAmes,Norm,Norm,1Fam,SLvl,5,5,1967,1967,Gable,CompShg,VinylSd,VinylSd,None,0,TA,TA,PConc,TA,TA,Av,ALQ,400,Rec,480,100,980,GasA,Gd,Y,SBrkr,980,0,0,980,0,0,2,0,3,1,TA,6,Typ,0,NA,Attchd,1967,Fin,1,384,TA,TA,Y,68,0,0,0,0,0,NA,NA,NA,0,10,2006,WD ,135500
60,RL,75,9743,Pave,NA,Reg,Lvl,Inside,Gtl,NWAmes,Norm,Norm,1Fam,2Story,5,6,1969,1969,Gable,CompShg,VinylSd,VinylSd,None,0,TA,TA,CBlock,TA,Fa,No,BLQ,280,Unf,0,440,720,GasA,Gd,Y,SBrkr,720,588,0,1308,0,0,1,1,3,1,TA,7,Typ,0,NA,Detchd,1969,Unf,2,484,TA,TA,Y,0,0,0,0,0,0,NA,NA,NA,0,6,2008,WD ,146900
20,RL,109,8724,Pave,NA,Reg,Lvl,Inside,Gtl,Sawyer,Norm,Norm,1Fam,1Story,5,5,1968,1968,Gable,CompShg,VinylSd,VinylSd,None,0,TA,TA,CBlock,Gd,TA,No,BLQ,492,Unf,0,402,894,GasA,Gd,Y,SBrkr,894,0,0,894,0,0,1,0,3,1,TA,5,Typ,1,Po,Attchd,1968,Fin,2,450,TA,TA,Y,0,0,0,0,0,0,NA,NA,NA,0,5,2007,WD ,129000
20,RL,57,9764,Pave,NA,IR1,Lvl,FR2,Gtl,Sawyer,Feedr,Norm,1Fam,1Story,5,7,1967,2003,Gable,CompShg,VinylSd,VinylSd,None,0,TA,TA,CBlock,TA,TA,No,BLQ,702,Unf,0,192,894,GasA,Ex,Y,SBrkr,894,0,0,894,1,0,1,0,3,1,Gd,5,Typ,0,NA,Attchd,1967,RFn,2,450,TA,TA,Y,0,0,0,0,0,0,NA,NA,NA,0,5,2008,WD ,130000
70,RM,58,6451,Pave,Grvl,Reg,Lvl,Inside,Gtl,OldTown,Norm,Norm,1Fam,2Story,7,7,1900,1970,Gable,CompShg,AsbShng,Wd Sdng,None,0,TA,TA,Stone,TA,TA,No,Rec,208,Unf,0,504,712,GasA,Gd,Y,SBrkr,848,580,0,1428,1,0,1,0,4,1,TA,7,Typ,0,NA,Detchd,1985,Fin,2,576,TA,TA,Y,264,0,84,0,0,0,NA,NA,NA,0,5,2006,WD ,139900
30,RM,50,8635,Pave,NA,Reg,Lvl,Inside,Gtl,BrkSide,Norm,Norm,1Fam,1Story,5,5,1925,1950,Hip,CompShg,Wd Sdng,Wd Sdng,None,0,TA,Fa,BrkTil,TA,TA,No,LwQ,134,Unf,0,938,1072,GasA,TA,Y,SBrkr,1072,0,0,1072,1,0,1,0,2,1,TA,5,Typ,0,NA,Detchd,1982,Unf,5,1184,Fa,TA,P,0,0,105,0,0,0,NA,NA,NA,0,8,2009,WD ,126500
50,RM,52,6240,Pave,NA,Reg,Lvl,Inside,Gtl,BrkSide,Norm,Norm,1Fam,1.5Fin,6,6,1934,1950,Gable,CompShg,Wd Sdng,Wd Sdng,None,0,TA,TA,PConc,TA,TA,No,Unf,0,Unf,0,816,816,GasA,TA,Y,SBrkr,816,0,360,1176,0,0,1,0,3,1,TA,6,Typ,1,Gd,Detchd,1985,Unf,2,528,TA,TA,Y,112,0,0,0,0,0,NA,MnPrv,Shed,400,9,2006,WD ,114500
20,RL,68,7480,Pave,NA,Reg,Lvl,Inside,Gtl,CollgCr,Norm,Norm,1Fam,1Story,5,6,1972,1972,Gable,CompShg,Wd Sdng,Wd Sdng,None,0,TA,TA,CBlock,TA,TA,Av,ALQ,480,Unf,0,396,876,GasA,TA,Y,SBrkr,876,0,0,876,1,0,1,0,3,1,TA,5,Typ,0,NA,Detchd,1977,Unf,2,484,TA,TA,Y,0,0,0,0,0,0,NA,MnPrv,NA,0,6,2010,WD ,127000
120,RL,39,3869,Pave,NA,Reg,Lvl,Inside,Mod,Edwards,Norm,Norm,TwnhsE,1Story,5,6,1984,1984,Gable,CompShg,Wd Sdng,Wd Sdng,BrkFace,149,Gd,Ex,CBlock,TA,TA,No,LwQ,283,GLQ,755,0,1038,GasA,Gd,Y,SBrkr,1038,0,0,1038,0,0,2,0,2,1,TA,5,Typ,0,NA,Attchd,1984,RFn,1,264,TA,TA,Y,0,105,0,0,0,0,NA,NA,NA,0,7,2007,WD ,130000
70,RL,60,8730,Pave,NA,Reg,Lvl,Inside,Gtl,BrkSide,RRAn,Norm,1Fam,2Story,6,7,1915,2003,Gable,CompShg,Wd Sdng,Wd Sdng,None,0,TA,TA,BrkTil,TA,TA,No,Unf,0,Unf,0,698,698,GasA,Ex,Y,FuseA,698,698,0,1396,0,0,1,0,3,1,TA,7,Typ,0,NA,Detchd,2003,Unf,1,384,TA,TA,Y,0,0,0,0,259,0,NA,NA,NA,0,7,2007,WD ,153575
45,RM,51,6120,Pave,NA,Reg,Lvl,Corner,Gtl,BrkSide,Norm,Norm,1Fam,1.5Unf,7,8,1929,2001,Gable,CompShg,Wd Sdng,Wd Sdng,None,0,TA,TA,BrkTil,TA,TA,No,Unf,0,Unf,0,832,832,GasA,Ex,Y,FuseA,854,0,0,854,0,0,1,0,2,1,TA,5,Typ,0,NA,Detchd,1991,Unf,2,576,TA,TA,Y,48,112,0,0,0,0,NA,GdPrv,NA,0,7,2007,WD ,132000
50,RM,50,9000,Pave,NA,Reg,Bnk,Inside,Gtl,IDOTRR,Norm,Norm,1Fam,1.5Fin,6,6,1937,1950,Gable,CompShg,Wd Sdng,Wd Sdng,None,0,TA,Gd,PConc,TA,TA,No,Unf,0,Unf,0,780,780,GasA,TA,Y,SBrkr,780,595,0,1375,0,0,1,1,3,1,Gd,6,Typ,1,Gd,Detchd,1979,Unf,1,544,TA,TA,P,0,162,0,0,126,0,NA,NA,NA,0,12,2007,WD ,141000
20,RL,66,8300,Pave,NA,IR1,Lvl,Inside,Gtl,NAmes,Norm,Norm,1Fam,1Story,6,6,1968,1968,Gable,CompShg,Wd Sdng,Wd Sdng,BrkFace,86,TA,TA,CBlock,TA,TA,Mn,Rec,952,Unf,0,0,952,GasA,Gd,Y,SBrkr,952,0,0,952,1,0,1,0,3,1,TA,5,Typ,0,NA,Attchd,1968,Unf,1,288,TA,TA,Y,0,0,0,0,0,0,NA,NA,NA,0,8,2007,WD ,128500
20,RL,62,8010,Pave,NA,Reg,Lvl,Inside,Gtl,NAmes,Norm,Norm,1Fam,1Story,6,9,1958,2007,Hip,CompShg,Wd Sdng,Wd Sdng,None,0,Gd,Gd,CBlock,TA,TA,Mn,GLQ,745,Unf,0,206,951,GasA,Gd,Y,SBrkr,951,0,0,951,1,0,1,0,2,1,Gd,6,Typ,0,NA,Detchd,1985,Unf,2,480,TA,TA,Y,0,0,42,0,0,0,NA,NA,Shed,450,9,2009,WD ,143500
20,RL,70,9100,Pave,NA,Reg,Lvl,Inside,Gtl,Sawyer,RRAe,Norm,1Fam,1Story,5,4,1962,1962,Hip,CompShg,Wd Sdng,Wd Sdng,BrkFace,51,TA,TA,CBlock,TA,TA,No,LwQ,36,Unf,0,952,988,GasA,Ex,Y,SBrkr,988,0,0,988,1,0,1,0,3,1,TA,6,Typ,0,NA,Detchd,1977,Unf,2,624,TA,TA,Y,0,0,0,0,0,0,NA,NA,NA,0,7,2006,WD ,129500
50,RL,63,8375,Pave,NA,Reg,Lvl,Corner,Gtl,Sawyer,Norm,Norm,1Fam,1.5Fin,5,7,1941,1973,Gable,CompShg,Wd Sdng,Wd Sdng,None,0,TA,TA,BrkTil,TA,TA,No,ALQ,336,Unf,0,240,576,GasA,Gd,Y,SBrkr,864,486,0,1350,1,0,1,1,2,1,Gd,6,Min1,0,NA,2Types,1973,Unf,3,627,TA,TA,N,0,0,0,0,0,0,NA,MnPrv,NA,0,6,2008,WD ,152400
70,RL,60,7200,Pave,NA,Reg,Lvl,Inside,Gtl,SWISU,Feedr,Norm,1Fam,2Story,7,9,1936,2007,Gable,CompShg,Wd Sdng,Wd Sdng,None,0,Gd,Gd,PConc,Gd,Gd,No,ALQ,350,BLQ,210,0,560,GasA,Ex,Y,SBrkr,575,560,0,1135,1,0,1,0,3,1,Gd,6,Typ,0,NA,Detchd,1971,RFn,2,576,TA,TA,Y,256,0,0,0,0,0,NA,MnPrv,NA,0,4,2009,WD ,155000
50,RL,60,8850,Pave,Pave,Reg,Bnk,Inside,Gtl,BrkSide,Norm,Norm,1Fam,1.5Fin,6,7,1920,1950,Gable,CompShg,Wd Sdng,Wd Shng,None,0,TA,Gd,PConc,TA,TA,No,Unf,0,Unf,0,768,768,GasA,Ex,Y,SBrkr,752,624,0,1376,0,0,1,0,3,1,Gd,7,Typ,0,NA,Detchd,1977,Unf,2,576,TA,TA,P,0,54,144,0,0,0,NA,NA,NA,0,2,2007,WD ,165000
50,RL,53,5362,Pave,NA,Reg,Lvl,Corner,Gtl,Crawfor,Norm,Norm,1Fam,1.5Fin,5,6,1910,2003,Gable,CompShg,Wd Sdng,Wd Shng,None,0,TA,TA,PConc,TA,TA,No,Unf,0,Unf,0,661,661,GasA,Ex,Y,SBrkr,661,589,0,1250,0,0,2,0,3,1,TA,8,Typ,1,Gd,Detchd,1985,Unf,2,552,TA,TA,Y,242,0,81,0,0,0,NA,NA,NA,0,11,2007,WD ,139000
